,Model,FID,KID,d_loss,g_loss
0,Baseline DCGAN 1,53.23562302246138,0.03966577915401581,0.2293979898095131,3.687912940979004
1,Baseline DCGAN 2,54.33818375407682,0.041610203863365225,0.2750208228826523,3.1775314807891846
2,Baseline DCGAN 3,47.78930818226691,0.03075274375525261,0.6830710172653198,0.7573428153991699
3,Baseline DCGAN 4,61.77129860890003,0.047135170994074826,0.12395459786057472,6.587285041809082
4,Baseline DCGAN 5,62.49949908043084,0.04777943029231757,0.12395459786057472,6.587285041809082
